{
  "sections": {
    "slideshow_64GwrK": {
      "type": "slideshow",
      "blocks": {
        "slide_3QgBnK": {
          "type": "slide",
          "settings": {
            "image": "shopify:\/\/shop_images\/Landscape_Design.jpg",
            "heading": "Landscape Design",
            "heading_size": "h1",
            "subheading": "Create your dream landscape design.",
            "button_label": "Learn More",
            "link": "\/landscape-design",
            "button_style_secondary": false,
            "box_align": "middle-center",
            "show_text_box": true,
            "text_alignment": "center",
            "image_overlay_opacity": 0,
            "color_scheme": "",
            "text_alignment_mobile": "left"
          }
        },
        "slide_XccGqD": {
          "type": "slide",
          "settings": {
            "image": "shopify:\/\/shop_images\/Privacy_Trees_1920x1080_6804364a-3123-424c-b2a3-3288d2792a57.jpg",
            "heading": "Privacy Trees",
            "heading_size": "h1",
            "subheading": "Take back your privacy.",
            "button_label": "Shop Now",
            "link": "",
            "button_style_secondary": false,
            "box_align": "middle-center",
            "show_text_box": true,
            "text_alignment": "center",
            "image_overlay_opacity": 0,
            "color_scheme": "",
            "text_alignment_mobile": "left"
          }
        },
        "slide_6FcxpD": {
          "type": "slide",
          "settings": {
            "image": "shopify:\/\/shop_images\/SpecimenTrees.jpg",
            "heading": "Specimen Trees",
            "heading_size": "h1",
            "subheading": "Find the perfect specimen tree.",
            "button_label": "Shop Now",
            "link": "",
            "button_style_secondary": false,
            "box_align": "middle-center",
            "show_text_box": true,
            "text_alignment": "center",
            "image_overlay_opacity": 0,
            "color_scheme": "scheme-1",
            "text_alignment_mobile": "left"
          }
        }
      },
      "block_order": [
        "slide_3QgBnK",
        "slide_XccGqD",
        "slide_6FcxpD"
      ],
      "settings": {
        "layout": "full_bleed",
        "slide_height": "medium",
        "slider_visual": "dots",
        "auto_rotate": true,
        "change_slides_speed": 5,
        "image_behavior": "ambient",
        "show_text_below": true,
        "accessibility_info": "Slideshow about our brand"
      }
    },
    "featured_collection": {
      "type": "featured-collection",
      "settings": {
        "title": "Featured products",
        "heading_size": "h1",
        "description": "",
        "show_description": false,
        "description_style": "body",
        "collection": "all",
        "products_to_show": 8,
        "columns_desktop": 4,
        "full_width": false,
        "show_view_all": true,
        "view_all_style": "solid",
        "enable_desktop_slider": false,
        "color_scheme": "scheme-1",
        "image_ratio": "square",
        "image_shape": "default",
        "show_secondary_image": true,
        "show_vendor": true,
        "show_rating": false,
        "quick_add": "standard",
        "columns_mobile": "2",
        "swipe_on_mobile": true,
        "padding_top": 4,
        "padding_bottom": 4
      }
    }
  },
  "order": [
    "slideshow_64GwrK",
    "featured_collection"
  ]
}
